{
    "Version": 1,
    "Name": "LIVE 2D 384",
    "ModelID": "a21352c5f5cb41eeb2dfc16ff9f37cbc",
    "FileReferences": {
        "Icon": "",
        "Model": "LIVE 2D 384.model3.json",
        "IdleAnimation": "基础动画.motion3.json",
        "IdleAnimationWhenTrackingLost": "睡觉.motion3.json"
    },
    "ModelSaveMetadata": {
        "LastSavedVTubeStudioVersion": "1.32.3",
        "LastSavedPlatform": "Steam",
        "LastSavedDateUTC": "Thursday, 31 July 2025, 16:54:24",
        "LastSavedDateLocalTime": "Friday, 01 August 2025, 00:54:24",
        "LastSavedDateUnixMillisecondTimestamp": "1753980864671"
    },
    "SavedModelPosition": {
        "Position": {
            "x": -14.101465225219727,
            "y": -3.4562859535217287,
            "z": 0.0
        },
        "Rotation": {
            "x": 0.0,
            "y": 0.0,
            "z": 2.6624670822171524e-44,
            "w": 1.0
        },
        "Scale": {
            "x": 1.024926781654358,
            "y": 1.024926781654358,
            "z": 1.0
        }
    },
    "ModelPositionMovement": {
        "Use": false,
        "X": 6,
        "Y": 8,
        "Z": 11,
        "SmoothingX": 10,
        "SmoothingY": 10,
        "SmoothingZ": 10
    },
    "ItemSettings": {
        "OnlyMoveWhenPinned": false,
        "AllowNormalHotkeyTriggers": true,
        "Multiplier_HeadAngleX": 1.0,
        "Multiplier_HeadAngleY": 1.0,
        "Multiplier_HeadAngleZ": 1.0,
        "Shift_HeadAngleX": 0.0,
        "Shift_HeadAngleY": 0.0,
        "Smoothing_HeadAngleX": 15.0,
        "Smoothing_HeadAngleY": 15.0,
        "Smoothing_HeadAngleZ": 15.0
    },
    "PhysicsSettings": {
        "Use": true,
        "UseLegacyPhysics": false,
        "Live2DPhysicsFPS": 3,
        "PhysicsStrength": 62,
        "WindStrength": 0,
        "DraggingPhysicsStrength": 0
    },
    "GeneralSettings": {
        "TimeUntilTrackingLostIdleAnimation": 10.0,
        "WorkshopSharingForbidden": true,
        "EnableExpressionSaving": false
    },
    "ParameterSettings": [
        {
            "Folder": "",
            "Name": "角度X",
            "Input": "FaceAngleX",
            "InputRangeLower": -30.0,
            "InputRangeUpper": 30.0,
            "OutputRangeLower": -30.0,
            "OutputRangeUpper": 30.0,
            "ClampInput": false,
            "ClampOutput": false,
            "UseBlinking": false,
            "UseBreathing": false,
            "OutputLive2D": "ParamAngleX",
            "Smoothing": 10,
            "Minimized": true
        },
        {
            "Folder": "",
            "Name": "角度Y",
            "Input": "FaceAngleY",
            "InputRangeLower": -10.0,
            "InputRangeUpper": 10.0,
            "OutputRangeLower": -30.0,
            "OutputRangeUpper": 30.0,
            "ClampInput": false,
            "ClampOutput": false,
            "UseBlinking": false,
            "UseBreathing": false,
            "OutputLive2D": "ParamAngleY",
            "Smoothing": 10,
            "Minimized": true
        },
        {
            "Folder": "",
            "Name": "角度Z",
            "Input": "FaceAngleZ",
            "InputRangeLower": -22.0,
            "InputRangeUpper": 22.0,
            "OutputRangeLower": -30.0,
            "OutputRangeUpper": 30.0,
            "ClampInput": false,
            "ClampOutput": false,
            "UseBlinking": false,
            "UseBreathing": false,
            "OutputLive2D": "ParamAngleZ",
            "Smoothing": 10,
            "Minimized": true
        },
        {
            "Folder": "",
            "Name": "左眼开闭",
            "Input": "EyeOpenLeft",
            "InputRangeLower": 0.0,
            "InputRangeUpper": 1.0,
            "OutputRangeLower": 0.0,
            "OutputRangeUpper": 1.2999999523162842,
            "ClampInput": false,
            "ClampOutput": false,
            "UseBlinking": false,
            "UseBreathing": false,
            "OutputLive2D": "ParamEyeROpen",
            "Smoothing": 10,
            "Minimized": true
        },
        {
            "Folder": "",
            "Name": "左眼微笑",
            "Input": "MouthSmile",
            "InputRangeLower": 0.0,
            "InputRangeUpper": 1.0,
            "OutputRangeLower": 0.0,
            "OutputRangeUpper": 1.0,
            "ClampInput": false,
            "ClampOutput": false,
            "UseBlinking": false,
            "UseBreathing": false,
            "OutputLive2D": "ParamEyeRSmile",
            "Smoothing": 10,
            "Minimized": true
        },
        {
            "Folder": "",
            "Name": "右眼开闭",
            "Input": "EyeOpenRight",
            "InputRangeLower": 0.0,
            "InputRangeUpper": 1.0,
            "OutputRangeLower": 0.0,
            "OutputRangeUpper": 1.2999999523162842,
            "ClampInput": false,
            "ClampOutput": false,
            "UseBlinking": false,
            "UseBreathing": false,
            "OutputLive2D": "ParamEyeLOpen",
            "Smoothing": 10,
            "Minimized": true
        },
        {
            "Folder": "",
            "Name": "右眼微笑",
            "Input": "MouthSmile",
            "InputRangeLower": 0.0,
            "InputRangeUpper": 1.0,
            "OutputRangeLower": 0.0,
            "OutputRangeUpper": 1.0,
            "ClampInput": false,
            "ClampOutput": false,
            "UseBlinking": false,
            "UseBreathing": false,
            "OutputLive2D": "ParamEyeLSmile",
            "Smoothing": 10,
            "Minimized": true
        },
        {
            "Folder": "",
            "Name": "嘴变形",
            "Input": "MouthSmile",
            "InputRangeLower": 0.20000000298023225,
            "InputRangeUpper": 1.0,
            "OutputRangeLower": -1.0,
            "OutputRangeUpper": 1.0,
            "ClampInput": false,
            "ClampOutput": false,
            "UseBlinking": false,
            "UseBreathing": false,
            "OutputLive2D": "ParamMouthForm",
            "Smoothing": 30,
            "Minimized": true
        },
        {
            "Folder": "",
            "Name": "嘴开闭",
            "Input": "MouthOpen",
            "InputRangeLower": 0.0,
            "InputRangeUpper": 1.0,
            "OutputRangeLower": 0.0,
            "OutputRangeUpper": 1.0,
            "ClampInput": false,
            "ClampOutput": false,
            "UseBlinking": false,
            "UseBreathing": false,
            "OutputLive2D": "ParamMouthOpenY",
            "Smoothing": 30,
            "Minimized": true
        },
        {
            "Folder": "",
            "Name": "嚼",
            "Input": "MouthShrug",
            "InputRangeLower": 0.0,
            "InputRangeUpper": 1.0,
            "OutputRangeLower": 0.0,
            "OutputRangeUpper": 1.0,
            "ClampInput": false,
            "ClampOutput": false,
            "UseBlinking": false,
            "UseBreathing": false,
            "OutputLive2D": "Shrug",
            "Smoothing": 20,
            "Minimized": true
        },
        {
            "Folder": "",
            "Name": "歪嘴",
            "Input": "MouthX",
            "InputRangeLower": -1.0,
            "InputRangeUpper": 1.0,
            "OutputRangeLower": -1.0,
            "OutputRangeUpper": 1.0,
            "ClampInput": false,
            "ClampOutput": false,
            "UseBlinking": false,
            "UseBreathing": false,
            "OutputLive2D": "MouthX",
            "Smoothing": 20,
            "Minimized": true
        },
        {
            "Folder": "",
            "Name": "鼓嘴",
            "Input": "CheekPuff",
            "InputRangeLower": 0.0,
            "InputRangeUpper": 1.0,
            "OutputRangeLower": 0.0,
            "OutputRangeUpper": 1.0,
            "ClampInput": false,
            "ClampOutput": false,
            "UseBlinking": false,
            "UseBreathing": false,
            "OutputLive2D": "CheekPuff",
            "Smoothing": 20,
            "Minimized": true
        },
        {
            "Folder": "",
            "Name": "眼珠X",
            "Input": "EyeLeftX",
            "InputRangeLower": 1.0,
            "InputRangeUpper": -1.0,
            "OutputRangeLower": -1.0,
            "OutputRangeUpper": 1.0,
            "ClampInput": false,
            "ClampOutput": false,
            "UseBlinking": false,
            "UseBreathing": false,
            "OutputLive2D": "ParamEyeBallX",
            "Smoothing": 20,
            "Minimized": true
        },
        {
            "Folder": "",
            "Name": "眼珠Y",
            "Input": "EyeLeftY",
            "InputRangeLower": -1.0,
            "InputRangeUpper": 1.0,
            "OutputRangeLower": -1.0,
            "OutputRangeUpper": 1.0,
            "ClampInput": false,
            "ClampOutput": false,
            "UseBlinking": false,
            "UseBreathing": false,
            "OutputLive2D": "ParamEyeBallY",
            "Smoothing": 20,
            "Minimized": true
        },
        {
            "Folder": "",
            "Name": "左眉上下",
            "Input": "BrowLeftY",
            "InputRangeLower": 0.0,
            "InputRangeUpper": 1.0,
            "OutputRangeLower": -1.0,
            "OutputRangeUpper": 1.0,
            "ClampInput": false,
            "ClampOutput": false,
            "UseBlinking": false,
            "UseBreathing": false,
            "OutputLive2D": "ParamBrowRForm",
            "Smoothing": 20,
            "Minimized": true
        },
        {
            "Folder": "",
            "Name": "右眉上下",
            "Input": "BrowRightY",
            "InputRangeLower": 0.0,
            "InputRangeUpper": 1.0,
            "OutputRangeLower": -1.0,
            "OutputRangeUpper": 1.0,
            "ClampInput": false,
            "ClampOutput": false,
            "UseBlinking": false,
            "UseBreathing": false,
            "OutputLive2D": "ParamBrowLForm",
            "Smoothing": 20,
            "Minimized": true
        },
        {
            "Folder": "",
            "Name": "鼠标X",
            "Input": "MousePositionX",
            "InputRangeLower": -1.0,
            "InputRangeUpper": 1.0,
            "OutputRangeLower": -30.0,
            "OutputRangeUpper": 30.0,
            "ClampInput": false,
            "ClampOutput": false,
            "UseBlinking": false,
            "UseBreathing": false,
            "OutputLive2D": "Param63",
            "Smoothing": 20,
            "Minimized": true
        },
        {
            "Folder": "",
            "Name": "鼠标Y",
            "Input": "MousePositionY",
            "InputRangeLower": -1.0,
            "InputRangeUpper": 1.0,
            "OutputRangeLower": -30.0,
            "OutputRangeUpper": 30.0,
            "ClampInput": false,
            "ClampOutput": false,
            "UseBlinking": false,
            "UseBreathing": false,
            "OutputLive2D": "Param64",
            "Smoothing": 20,
            "Minimized": true
        }
    ],
    "Hotkeys": [
        {
            "HotkeyID": "6930032c75c2416caa3d56ca1123945d",
            "Name": "傲娇",
            "Action": "ToggleExpression",
            "File": "傲娇.exp3.json",
            "Folder": "",
            "AutoCreated": false,
            "Position": {
                "X": 0.0,
                "Y": 0.0,
                "Z": 0.0,
                "Rotation": 0.0
            },
            "ColorOverlay": {
                "On": false,
                "IsStaticColor": false,
                "Display": -1,
                "WindowName": "",
                "IncludeLeft": false,
                "IncludeMid": false,
                "IncludeRight": false,
                "BaseValue": 0,
                "OverlayValue": 0,
                "Smoothing": 0,
                "IncludeItems": false,
                "StaticColor": {
                    "r": 0.0,
                    "g": 0.0,
                    "b": 0.0,
                    "a": 1.0
                }
            },
            "ColorScreenMultiplyPreset": {
                "ArtMeshMultiplyAndScreenColors": []
            },
            "HandGestureSettings": {
                "GestureLeft": "",
                "GestureRight": "",
                "GestureCombinator": "AND",
                "AllowMirroredGesture": false,
                "DeactivateExpWhenGestureNotDetected": false,
                "SecondsUntilDetection": 0.5,
                "SecondsDetected": 0.0,
                "PercentDetected": 0.0
            },
            "LoadModelSettings": {
                "LoadAtCurrentPosition": true
            },
            "TwitchTriggers": {
                "Active": false,
                "CooldownActive": false,
                "CooldownSeconds": 30.0,
                "ResetActive": false,
                "HideModelResetDialog": false,
                "Active_GiftSubTrigger": false,
                "Active_BitTrigger": false,
                "Active_RedeemTrigger": false,
                "Active_TextCommandTrigger": false,
                "Active_SubTrigger": false,
                "Active_FollowTrigger": false,
                "Active_RaidTrigger": false,
                "Active_ShoutoutTrigger": false,
                "Active_AdbreakTrigger": false,
                "Trigger_TextCommandTrigger": "",
                "Trigger_Redeem_Name": "",
                "Trigger_Redeem_ID": "",
                "UseTextTriggerUserTypeRestriction": false,
                "RestrictTextTriggerTo": {
                    "Allowed_You": true,
                    "Allowed_Subs": false,
                    "Allowed_Mods": false,
                    "Allowed_VIPs": false,
                    "Allowed_Artists": false,
                    "Allowed_UserNames": false,
                    "UserNames": [],
                    "Allowed_UserIDs": false,
                    "UserIDs": []
                },
                "AllowRepeatedFollow": false,
                "Trigger_GiftSubTrigger": {
                    "Min": 1.0,
                    "Max": 100.0
                },
                "Trigger_BitTrigger": {
                    "Min": 100.0,
                    "Max": 3000.0
                }
            },
            "Triggers": {
                "Trigger1": "N2",
                "Trigger2": "",
                "Trigger3": "",
                "ScreenButton": -1
            },
            "IsGlobal": true,
            "IsActive": true,
            "Minimized": false,
            "StopsOnLastFrame": false,
            "DeactivateAfterKeyUp": false,
            "OnlyLoadOneRandomItem": false,
            "DeactivateAfterSeconds": false,
            "DeactivateAfterSecondsAmount": 10.0,
            "FadeSecondsAmount": 0.5,
            "OnScreenHotkeyColor": {
                "r": 1.0,
                "g": 1.0,
                "b": 1.0,
                "a": 1.0
            }
        },
        {
            "HotkeyID": "60fc2cc54990473f95419568ab1f0682",
            "Name": "叉腰",
            "Action": "ToggleExpression",
            "File": "叉腰.exp3.json",
            "Folder": "",
            "AutoCreated": false,
            "Position": {
                "X": 0.0,
                "Y": 0.0,
                "Z": 0.0,
                "Rotation": 0.0
            },
            "ColorOverlay": {
                "On": false,
                "IsStaticColor": false,
                "Display": -1,
                "WindowName": "",
                "IncludeLeft": false,
                "IncludeMid": false,
                "IncludeRight": false,
                "BaseValue": 0,
                "OverlayValue": 0,
                "Smoothing": 0,
                "IncludeItems": false,
                "StaticColor": {
                    "r": 0.0,
                    "g": 0.0,
                    "b": 0.0,
                    "a": 1.0
                }
            },
            "ColorScreenMultiplyPreset": {
                "ArtMeshMultiplyAndScreenColors": []
            },
            "HandGestureSettings": {
                "GestureLeft": "",
                "GestureRight": "",
                "GestureCombinator": "AND",
                "AllowMirroredGesture": false,
                "DeactivateExpWhenGestureNotDetected": false,
                "SecondsUntilDetection": 0.5,
                "SecondsDetected": 0.0,
                "PercentDetected": 0.0
            },
            "LoadModelSettings": {
                "LoadAtCurrentPosition": true
            },
            "TwitchTriggers": {
                "Active": false,
                "CooldownActive": false,
                "CooldownSeconds": 30.0,
                "ResetActive": false,
                "HideModelResetDialog": false,
                "Active_GiftSubTrigger": false,
                "Active_BitTrigger": false,
                "Active_RedeemTrigger": false,
                "Active_TextCommandTrigger": false,
                "Active_SubTrigger": false,
                "Active_FollowTrigger": false,
                "Active_RaidTrigger": false,
                "Active_ShoutoutTrigger": false,
                "Active_AdbreakTrigger": false,
                "Trigger_TextCommandTrigger": "",
                "Trigger_Redeem_Name": "",
                "Trigger_Redeem_ID": "",
                "UseTextTriggerUserTypeRestriction": false,
                "RestrictTextTriggerTo": {
                    "Allowed_You": true,
                    "Allowed_Subs": false,
                    "Allowed_Mods": false,
                    "Allowed_VIPs": false,
                    "Allowed_Artists": false,
                    "Allowed_UserNames": false,
                    "UserNames": [],
                    "Allowed_UserIDs": false,
                    "UserIDs": []
                },
                "AllowRepeatedFollow": false,
                "Trigger_GiftSubTrigger": {
                    "Min": 1.0,
                    "Max": 100.0
                },
                "Trigger_BitTrigger": {
                    "Min": 100.0,
                    "Max": 3000.0
                }
            },
            "Triggers": {
                "Trigger1": "Alt",
                "Trigger2": "A",
                "Trigger3": "",
                "ScreenButton": -1
            },
            "IsGlobal": true,
            "IsActive": true,
            "Minimized": false,
            "StopsOnLastFrame": false,
            "DeactivateAfterKeyUp": false,
            "OnlyLoadOneRandomItem": false,
            "DeactivateAfterSeconds": false,
            "DeactivateAfterSecondsAmount": 10.0,
            "FadeSecondsAmount": 0.5,
            "OnScreenHotkeyColor": {
                "r": 1.0,
                "g": 1.0,
                "b": 1.0,
                "a": 1.0
            }
        },
        {
            "HotkeyID": "d6217af4e6c94213b87a7358eb5635ae",
            "Name": "哈哈大笑",
            "Action": "ToggleExpression",
            "File": "哈哈大笑.exp3.json",
            "Folder": "",
            "AutoCreated": false,
            "Position": {
                "X": 0.0,
                "Y": 0.0,
                "Z": 0.0,
                "Rotation": 0.0
            },
            "ColorOverlay": {
                "On": false,
                "IsStaticColor": false,
                "Display": -1,
                "WindowName": "",
                "IncludeLeft": false,
                "IncludeMid": false,
                "IncludeRight": false,
                "BaseValue": 0,
                "OverlayValue": 0,
                "Smoothing": 0,
                "IncludeItems": false,
                "StaticColor": {
                    "r": 0.0,
                    "g": 0.0,
                    "b": 0.0,
                    "a": 1.0
                }
            },
            "ColorScreenMultiplyPreset": {
                "ArtMeshMultiplyAndScreenColors": []
            },
            "HandGestureSettings": {
                "GestureLeft": "",
                "GestureRight": "",
                "GestureCombinator": "AND",
                "AllowMirroredGesture": false,
                "DeactivateExpWhenGestureNotDetected": false,
                "SecondsUntilDetection": 0.5,
                "SecondsDetected": 0.0,
                "PercentDetected": 0.0
            },
            "LoadModelSettings": {
                "LoadAtCurrentPosition": true
            },
            "TwitchTriggers": {
                "Active": false,
                "CooldownActive": false,
                "CooldownSeconds": 30.0,
                "ResetActive": false,
                "HideModelResetDialog": false,
                "Active_GiftSubTrigger": false,
                "Active_BitTrigger": false,
                "Active_RedeemTrigger": false,
                "Active_TextCommandTrigger": false,
                "Active_SubTrigger": false,
                "Active_FollowTrigger": false,
                "Active_RaidTrigger": false,
                "Active_ShoutoutTrigger": false,
                "Active_AdbreakTrigger": false,
                "Trigger_TextCommandTrigger": "",
                "Trigger_Redeem_Name": "",
                "Trigger_Redeem_ID": "",
                "UseTextTriggerUserTypeRestriction": false,
                "RestrictTextTriggerTo": {
                    "Allowed_You": true,
                    "Allowed_Subs": false,
                    "Allowed_Mods": false,
                    "Allowed_VIPs": false,
                    "Allowed_Artists": false,
                    "Allowed_UserNames": false,
                    "UserNames": [],
                    "Allowed_UserIDs": false,
                    "UserIDs": []
                },
                "AllowRepeatedFollow": false,
                "Trigger_GiftSubTrigger": {
                    "Min": 1.0,
                    "Max": 100.0
                },
                "Trigger_BitTrigger": {
                    "Min": 100.0,
                    "Max": 3000.0
                }
            },
            "Triggers": {
                "Trigger1": "N1",
                "Trigger2": "",
                "Trigger3": "",
                "ScreenButton": -1
            },
            "IsGlobal": true,
            "IsActive": true,
            "Minimized": true,
            "StopsOnLastFrame": false,
            "DeactivateAfterKeyUp": false,
            "OnlyLoadOneRandomItem": false,
            "DeactivateAfterSeconds": false,
            "DeactivateAfterSecondsAmount": 10.0,
            "FadeSecondsAmount": 0.5,
            "OnScreenHotkeyColor": {
                "r": 1.0,
                "g": 1.0,
                "b": 1.0,
                "a": 1.0
            }
        },
        {
            "HotkeyID": "371cc91b4358498da7bc31ef249bceee",
            "Name": "委屈",
            "Action": "ToggleExpression",
            "File": "委屈.exp3.json",
            "Folder": "",
            "AutoCreated": false,
            "Position": {
                "X": 0.0,
                "Y": 0.0,
                "Z": 0.0,
                "Rotation": 0.0
            },
            "ColorOverlay": {
                "On": false,
                "IsStaticColor": false,
                "Display": -1,
                "WindowName": "",
                "IncludeLeft": false,
                "IncludeMid": false,
                "IncludeRight": false,
                "BaseValue": 0,
                "OverlayValue": 0,
                "Smoothing": 0,
                "IncludeItems": false,
                "StaticColor": {
                    "r": 0.0,
                    "g": 0.0,
                    "b": 0.0,
                    "a": 1.0
                }
            },
            "ColorScreenMultiplyPreset": {
                "ArtMeshMultiplyAndScreenColors": []
            },
            "HandGestureSettings": {
                "GestureLeft": "",
                "GestureRight": "",
                "GestureCombinator": "AND",
                "AllowMirroredGesture": false,
                "DeactivateExpWhenGestureNotDetected": false,
                "SecondsUntilDetection": 0.5,
                "SecondsDetected": 0.0,
                "PercentDetected": 0.0
            },
            "LoadModelSettings": {
                "LoadAtCurrentPosition": true
            },
            "TwitchTriggers": {
                "Active": false,
                "CooldownActive": false,
                "CooldownSeconds": 30.0,
                "ResetActive": false,
                "HideModelResetDialog": false,
                "Active_GiftSubTrigger": false,
                "Active_BitTrigger": false,
                "Active_RedeemTrigger": false,
                "Active_TextCommandTrigger": false,
                "Active_SubTrigger": false,
                "Active_FollowTrigger": false,
                "Active_RaidTrigger": false,
                "Active_ShoutoutTrigger": false,
                "Active_AdbreakTrigger": false,
                "Trigger_TextCommandTrigger": "",
                "Trigger_Redeem_Name": "",
                "Trigger_Redeem_ID": "",
                "UseTextTriggerUserTypeRestriction": false,
                "RestrictTextTriggerTo": {
                    "Allowed_You": true,
                    "Allowed_Subs": false,
                    "Allowed_Mods": false,
                    "Allowed_VIPs": false,
                    "Allowed_Artists": false,
                    "Allowed_UserNames": false,
                    "UserNames": [],
                    "Allowed_UserIDs": false,
                    "UserIDs": []
                },
                "AllowRepeatedFollow": false,
                "Trigger_GiftSubTrigger": {
                    "Min": 1.0,
                    "Max": 100.0
                },
                "Trigger_BitTrigger": {
                    "Min": 100.0,
                    "Max": 3000.0
                }
            },
            "Triggers": {
                "Trigger1": "N3",
                "Trigger2": "",
                "Trigger3": "",
                "ScreenButton": -1
            },
            "IsGlobal": true,
            "IsActive": true,
            "Minimized": true,
            "StopsOnLastFrame": false,
            "DeactivateAfterKeyUp": false,
            "OnlyLoadOneRandomItem": false,
            "DeactivateAfterSeconds": false,
            "DeactivateAfterSecondsAmount": 10.0,
            "FadeSecondsAmount": 0.5,
            "OnScreenHotkeyColor": {
                "r": 1.0,
                "g": 1.0,
                "b": 1.0,
                "a": 1.0
            }
        },
        {
            "HotkeyID": "77b5e537ff244d1bb5cc4acfd2ba17d1",
            "Name": "害羞",
            "Action": "ToggleExpression",
            "File": "害羞.exp3.json",
            "Folder": "",
            "AutoCreated": false,
            "Position": {
                "X": 0.0,
                "Y": 0.0,
                "Z": 0.0,
                "Rotation": 0.0
            },
            "ColorOverlay": {
                "On": false,
                "IsStaticColor": false,
                "Display": -1,
                "WindowName": "",
                "IncludeLeft": false,
                "IncludeMid": false,
                "IncludeRight": false,
                "BaseValue": 0,
                "OverlayValue": 0,
                "Smoothing": 0,
                "IncludeItems": false,
                "StaticColor": {
                    "r": 0.0,
                    "g": 0.0,
                    "b": 0.0,
                    "a": 1.0
                }
            },
            "ColorScreenMultiplyPreset": {
                "ArtMeshMultiplyAndScreenColors": []
            },
            "HandGestureSettings": {
                "GestureLeft": "",
                "GestureRight": "",
                "GestureCombinator": "AND",
                "AllowMirroredGesture": false,
                "DeactivateExpWhenGestureNotDetected": false,
                "SecondsUntilDetection": 0.5,
                "SecondsDetected": 0.0,
                "PercentDetected": 0.0
            },
            "LoadModelSettings": {
                "LoadAtCurrentPosition": true
            },
            "TwitchTriggers": {
                "Active": false,
                "CooldownActive": false,
                "CooldownSeconds": 30.0,
                "ResetActive": false,
                "HideModelResetDialog": false,
                "Active_GiftSubTrigger": false,
                "Active_BitTrigger": false,
                "Active_RedeemTrigger": false,
                "Active_TextCommandTrigger": false,
                "Active_SubTrigger": false,
                "Active_FollowTrigger": false,
                "Active_RaidTrigger": false,
                "Active_ShoutoutTrigger": false,
                "Active_AdbreakTrigger": false,
                "Trigger_TextCommandTrigger": "",
                "Trigger_Redeem_Name": "",
                "Trigger_Redeem_ID": "",
                "UseTextTriggerUserTypeRestriction": false,
                "RestrictTextTriggerTo": {
                    "Allowed_You": true,
                    "Allowed_Subs": false,
                    "Allowed_Mods": false,
                    "Allowed_VIPs": false,
                    "Allowed_Artists": false,
                    "Allowed_UserNames": false,
                    "UserNames": [],
                    "Allowed_UserIDs": false,
                    "UserIDs": []
                },
                "AllowRepeatedFollow": false,
                "Trigger_GiftSubTrigger": {
                    "Min": 1.0,
                    "Max": 100.0
                },
                "Trigger_BitTrigger": {
                    "Min": 100.0,
                    "Max": 3000.0
                }
            },
            "Triggers": {
                "Trigger1": "N4",
                "Trigger2": "",
                "Trigger3": "",
                "ScreenButton": -1
            },
            "IsGlobal": true,
            "IsActive": true,
            "Minimized": true,
            "StopsOnLastFrame": false,
            "DeactivateAfterKeyUp": false,
            "OnlyLoadOneRandomItem": false,
            "DeactivateAfterSeconds": false,
            "DeactivateAfterSecondsAmount": 10.0,
            "FadeSecondsAmount": 0.5,
            "OnScreenHotkeyColor": {
                "r": 1.0,
                "g": 1.0,
                "b": 1.0,
                "a": 1.0
            }
        },
        {
            "HotkeyID": "45372925d25541b5accf3b85f36b54cc",
            "Name": "惊喜",
            "Action": "ToggleExpression",
            "File": "惊喜.exp3.json",
            "Folder": "",
            "AutoCreated": false,
            "Position": {
                "X": 0.0,
                "Y": 0.0,
                "Z": 0.0,
                "Rotation": 0.0
            },
            "ColorOverlay": {
                "On": false,
                "IsStaticColor": false,
                "Display": -1,
                "WindowName": "",
                "IncludeLeft": false,
                "IncludeMid": false,
                "IncludeRight": false,
                "BaseValue": 0,
                "OverlayValue": 0,
                "Smoothing": 0,
                "IncludeItems": false,
                "StaticColor": {
                    "r": 0.0,
                    "g": 0.0,
                    "b": 0.0,
                    "a": 1.0
                }
            },
            "ColorScreenMultiplyPreset": {
                "ArtMeshMultiplyAndScreenColors": []
            },
            "HandGestureSettings": {
                "GestureLeft": "",
                "GestureRight": "",
                "GestureCombinator": "AND",
                "AllowMirroredGesture": false,
                "DeactivateExpWhenGestureNotDetected": false,
                "SecondsUntilDetection": 0.5,
                "SecondsDetected": 0.0,
                "PercentDetected": 0.0
            },
            "LoadModelSettings": {
                "LoadAtCurrentPosition": true
            },
            "TwitchTriggers": {
                "Active": false,
                "CooldownActive": false,
                "CooldownSeconds": 30.0,
                "ResetActive": false,
                "HideModelResetDialog": false,
                "Active_GiftSubTrigger": false,
                "Active_BitTrigger": false,
                "Active_RedeemTrigger": false,
                "Active_TextCommandTrigger": false,
                "Active_SubTrigger": false,
                "Active_FollowTrigger": false,
                "Active_RaidTrigger": false,
                "Active_ShoutoutTrigger": false,
                "Active_AdbreakTrigger": false,
                "Trigger_TextCommandTrigger": "",
                "Trigger_Redeem_Name": "",
                "Trigger_Redeem_ID": "",
                "UseTextTriggerUserTypeRestriction": false,
                "RestrictTextTriggerTo": {
                    "Allowed_You": true,
                    "Allowed_Subs": false,
                    "Allowed_Mods": false,
                    "Allowed_VIPs": false,
                    "Allowed_Artists": false,
                    "Allowed_UserNames": false,
                    "UserNames": [],
                    "Allowed_UserIDs": false,
                    "UserIDs": []
                },
                "AllowRepeatedFollow": false,
                "Trigger_GiftSubTrigger": {
                    "Min": 1.0,
                    "Max": 100.0
                },
                "Trigger_BitTrigger": {
                    "Min": 100.0,
                    "Max": 3000.0
                }
            },
            "Triggers": {
                "Trigger1": "N5",
                "Trigger2": "",
                "Trigger3": "",
                "ScreenButton": -1
            },
            "IsGlobal": true,
            "IsActive": true,
            "Minimized": true,
            "StopsOnLastFrame": false,
            "DeactivateAfterKeyUp": false,
            "OnlyLoadOneRandomItem": false,
            "DeactivateAfterSeconds": false,
            "DeactivateAfterSecondsAmount": 10.0,
            "FadeSecondsAmount": 0.5,
            "OnScreenHotkeyColor": {
                "r": 1.0,
                "g": 1.0,
                "b": 1.0,
                "a": 1.0
            }
        },
        {
            "HotkeyID": "7983276e80e749fcbe383e7e252f0805",
            "Name": "惊讶",
            "Action": "ToggleExpression",
            "File": "惊讶.exp3.json",
            "Folder": "",
            "AutoCreated": false,
            "Position": {
                "X": 0.0,
                "Y": 0.0,
                "Z": 0.0,
                "Rotation": 0.0
            },
            "ColorOverlay": {
                "On": false,
                "IsStaticColor": false,
                "Display": -1,
                "WindowName": "",
                "IncludeLeft": false,
                "IncludeMid": false,
                "IncludeRight": false,
                "BaseValue": 0,
                "OverlayValue": 0,
                "Smoothing": 0,
                "IncludeItems": false,
                "StaticColor": {
                    "r": 0.0,
                    "g": 0.0,
                    "b": 0.0,
                    "a": 1.0
                }
            },
            "ColorScreenMultiplyPreset": {
                "ArtMeshMultiplyAndScreenColors": []
            },
            "HandGestureSettings": {
                "GestureLeft": "",
                "GestureRight": "",
                "GestureCombinator": "AND",
                "AllowMirroredGesture": false,
                "DeactivateExpWhenGestureNotDetected": false,
                "SecondsUntilDetection": 0.5,
                "SecondsDetected": 0.0,
                "PercentDetected": 0.0
            },
            "LoadModelSettings": {
                "LoadAtCurrentPosition": true
            },
            "TwitchTriggers": {
                "Active": false,
                "CooldownActive": false,
                "CooldownSeconds": 30.0,
                "ResetActive": false,
                "HideModelResetDialog": false,
                "Active_GiftSubTrigger": false,
                "Active_BitTrigger": false,
                "Active_RedeemTrigger": false,
                "Active_TextCommandTrigger": false,
                "Active_SubTrigger": false,
                "Active_FollowTrigger": false,
                "Active_RaidTrigger": false,
                "Active_ShoutoutTrigger": false,
                "Active_AdbreakTrigger": false,
                "Trigger_TextCommandTrigger": "",
                "Trigger_Redeem_Name": "",
                "Trigger_Redeem_ID": "",
                "UseTextTriggerUserTypeRestriction": false,
                "RestrictTextTriggerTo": {
                    "Allowed_You": true,
                    "Allowed_Subs": false,
                    "Allowed_Mods": false,
                    "Allowed_VIPs": false,
                    "Allowed_Artists": false,
                    "Allowed_UserNames": false,
                    "UserNames": [],
                    "Allowed_UserIDs": false,
                    "UserIDs": []
                },
                "AllowRepeatedFollow": false,
                "Trigger_GiftSubTrigger": {
                    "Min": 1.0,
                    "Max": 100.0
                },
                "Trigger_BitTrigger": {
                    "Min": 100.0,
                    "Max": 3000.0
                }
            },
            "Triggers": {
                "Trigger1": "N6",
                "Trigger2": "",
                "Trigger3": "",
                "ScreenButton": -1
            },
            "IsGlobal": true,
            "IsActive": true,
            "Minimized": true,
            "StopsOnLastFrame": false,
            "DeactivateAfterKeyUp": false,
            "OnlyLoadOneRandomItem": false,
            "DeactivateAfterSeconds": false,
            "DeactivateAfterSecondsAmount": 10.0,
            "FadeSecondsAmount": 0.5,
            "OnScreenHotkeyColor": {
                "r": 1.0,
                "g": 1.0,
                "b": 1.0,
                "a": 1.0
            }
        },
        {
            "HotkeyID": "a1eb46db18e6473685fd40dd1517708a",
            "Name": "托腮",
            "Action": "ToggleExpression",
            "File": "托腮.exp3.json",
            "Folder": "",
            "AutoCreated": false,
            "Position": {
                "X": 0.0,
                "Y": 0.0,
                "Z": 0.0,
                "Rotation": 0.0
            },
            "ColorOverlay": {
                "On": false,
                "IsStaticColor": false,
                "Display": -1,
                "WindowName": "",
                "IncludeLeft": false,
                "IncludeMid": false,
                "IncludeRight": false,
                "BaseValue": 0,
                "OverlayValue": 0,
                "Smoothing": 0,
                "IncludeItems": false,
                "StaticColor": {
                    "r": 0.0,
                    "g": 0.0,
                    "b": 0.0,
                    "a": 1.0
                }
            },
            "ColorScreenMultiplyPreset": {
                "ArtMeshMultiplyAndScreenColors": []
            },
            "HandGestureSettings": {
                "GestureLeft": "",
                "GestureRight": "",
                "GestureCombinator": "AND",
                "AllowMirroredGesture": false,
                "DeactivateExpWhenGestureNotDetected": false,
                "SecondsUntilDetection": 0.5,
                "SecondsDetected": 0.0,
                "PercentDetected": 0.0
            },
            "LoadModelSettings": {
                "LoadAtCurrentPosition": true
            },
            "TwitchTriggers": {
                "Active": false,
                "CooldownActive": false,
                "CooldownSeconds": 30.0,
                "ResetActive": false,
                "HideModelResetDialog": false,
                "Active_GiftSubTrigger": false,
                "Active_BitTrigger": false,
                "Active_RedeemTrigger": false,
                "Active_TextCommandTrigger": false,
                "Active_SubTrigger": false,
                "Active_FollowTrigger": false,
                "Active_RaidTrigger": false,
                "Active_ShoutoutTrigger": false,
                "Active_AdbreakTrigger": false,
                "Trigger_TextCommandTrigger": "",
                "Trigger_Redeem_Name": "",
                "Trigger_Redeem_ID": "",
                "UseTextTriggerUserTypeRestriction": false,
                "RestrictTextTriggerTo": {
                    "Allowed_You": true,
                    "Allowed_Subs": false,
                    "Allowed_Mods": false,
                    "Allowed_VIPs": false,
                    "Allowed_Artists": false,
                    "Allowed_UserNames": false,
                    "UserNames": [],
                    "Allowed_UserIDs": false,
                    "UserIDs": []
                },
                "AllowRepeatedFollow": false,
                "Trigger_GiftSubTrigger": {
                    "Min": 1.0,
                    "Max": 100.0
                },
                "Trigger_BitTrigger": {
                    "Min": 100.0,
                    "Max": 3000.0
                }
            },
            "Triggers": {
                "Trigger1": "Alt",
                "Trigger2": "S",
                "Trigger3": "",
                "ScreenButton": -1
            },
            "IsGlobal": true,
            "IsActive": true,
            "Minimized": false,
            "StopsOnLastFrame": false,
            "DeactivateAfterKeyUp": false,
            "OnlyLoadOneRandomItem": false,
            "DeactivateAfterSeconds": false,
            "DeactivateAfterSecondsAmount": 10.0,
            "FadeSecondsAmount": 0.5,
            "OnScreenHotkeyColor": {
                "r": 1.0,
                "g": 1.0,
                "b": 1.0,
                "a": 1.0
            }
        },
        {
            "HotkeyID": "a9fac8368ab844c1a69bc423f817c700",
            "Name": "抱胸",
            "Action": "ToggleExpression",
            "File": "抱胸.exp3.json",
            "Folder": "",
            "AutoCreated": false,
            "Position": {
                "X": 0.0,
                "Y": 0.0,
                "Z": 0.0,
                "Rotation": 0.0
            },
            "ColorOverlay": {
                "On": false,
                "IsStaticColor": false,
                "Display": -1,
                "WindowName": "",
                "IncludeLeft": false,
                "IncludeMid": false,
                "IncludeRight": false,
                "BaseValue": 0,
                "OverlayValue": 0,
                "Smoothing": 0,
                "IncludeItems": false,
                "StaticColor": {
                    "r": 0.0,
                    "g": 0.0,
                    "b": 0.0,
                    "a": 1.0
                }
            },
            "ColorScreenMultiplyPreset": {
                "ArtMeshMultiplyAndScreenColors": []
            },
            "HandGestureSettings": {
                "GestureLeft": "",
                "GestureRight": "",
                "GestureCombinator": "AND",
                "AllowMirroredGesture": false,
                "DeactivateExpWhenGestureNotDetected": false,
                "SecondsUntilDetection": 0.5,
                "SecondsDetected": 0.0,
                "PercentDetected": 0.0
            },
            "LoadModelSettings": {
                "LoadAtCurrentPosition": true
            },
            "TwitchTriggers": {
                "Active": false,
                "CooldownActive": false,
                "CooldownSeconds": 30.0,
                "ResetActive": false,
                "HideModelResetDialog": false,
                "Active_GiftSubTrigger": false,
                "Active_BitTrigger": false,
                "Active_RedeemTrigger": false,
                "Active_TextCommandTrigger": false,
                "Active_SubTrigger": false,
                "Active_FollowTrigger": false,
                "Active_RaidTrigger": false,
                "Active_ShoutoutTrigger": false,
                "Active_AdbreakTrigger": false,
                "Trigger_TextCommandTrigger": "",
                "Trigger_Redeem_Name": "",
                "Trigger_Redeem_ID": "",
                "UseTextTriggerUserTypeRestriction": false,
                "RestrictTextTriggerTo": {
                    "Allowed_You": true,
                    "Allowed_Subs": false,
                    "Allowed_Mods": false,
                    "Allowed_VIPs": false,
                    "Allowed_Artists": false,
                    "Allowed_UserNames": false,
                    "UserNames": [],
                    "Allowed_UserIDs": false,
                    "UserIDs": []
                },
                "AllowRepeatedFollow": false,
                "Trigger_GiftSubTrigger": {
                    "Min": 1.0,
                    "Max": 100.0
                },
                "Trigger_BitTrigger": {
                    "Min": 100.0,
                    "Max": 3000.0
                }
            },
            "Triggers": {
                "Trigger1": "Alt",
                "Trigger2": "D",
                "Trigger3": "",
                "ScreenButton": -1
            },
            "IsGlobal": true,
            "IsActive": true,
            "Minimized": false,
            "StopsOnLastFrame": false,
            "DeactivateAfterKeyUp": false,
            "OnlyLoadOneRandomItem": false,
            "DeactivateAfterSeconds": false,
            "DeactivateAfterSecondsAmount": 10.0,
            "FadeSecondsAmount": 0.5,
            "OnScreenHotkeyColor": {
                "r": 1.0,
                "g": 1.0,
                "b": 1.0,
                "a": 1.0
            }
        },
        {
            "HotkeyID": "12e7f84b8cf44dffb9473999256d4dc7",
            "Name": "挥手",
            "Action": "ToggleExpression",
            "File": "挥手.exp3.json",
            "Folder": "",
            "AutoCreated": false,
            "Position": {
                "X": 0.0,
                "Y": 0.0,
                "Z": 0.0,
                "Rotation": 0.0
            },
            "ColorOverlay": {
                "On": false,
                "IsStaticColor": false,
                "Display": -1,
                "WindowName": "",
                "IncludeLeft": false,
                "IncludeMid": false,
                "IncludeRight": false,
                "BaseValue": 0,
                "OverlayValue": 0,
                "Smoothing": 0,
                "IncludeItems": false,
                "StaticColor": {
                    "r": 0.0,
                    "g": 0.0,
                    "b": 0.0,
                    "a": 1.0
                }
            },
            "ColorScreenMultiplyPreset": {
                "ArtMeshMultiplyAndScreenColors": []
            },
            "HandGestureSettings": {
                "GestureLeft": "",
                "GestureRight": "",
                "GestureCombinator": "AND",
                "AllowMirroredGesture": false,
                "DeactivateExpWhenGestureNotDetected": false,
                "SecondsUntilDetection": 0.5,
                "SecondsDetected": 0.0,
                "PercentDetected": 0.0
            },
            "LoadModelSettings": {
                "LoadAtCurrentPosition": true
            },
            "TwitchTriggers": {
                "Active": false,
                "CooldownActive": false,
                "CooldownSeconds": 30.0,
                "ResetActive": false,
                "HideModelResetDialog": false,
                "Active_GiftSubTrigger": false,
                "Active_BitTrigger": false,
                "Active_RedeemTrigger": false,
                "Active_TextCommandTrigger": false,
                "Active_SubTrigger": false,
                "Active_FollowTrigger": false,
                "Active_RaidTrigger": false,
                "Active_ShoutoutTrigger": false,
                "Active_AdbreakTrigger": false,
                "Trigger_TextCommandTrigger": "",
                "Trigger_Redeem_Name": "",
                "Trigger_Redeem_ID": "",
                "UseTextTriggerUserTypeRestriction": false,
                "RestrictTextTriggerTo": {
                    "Allowed_You": true,
                    "Allowed_Subs": false,
                    "Allowed_Mods": false,
                    "Allowed_VIPs": false,
                    "Allowed_Artists": false,
                    "Allowed_UserNames": false,
                    "UserNames": [],
                    "Allowed_UserIDs": false,
                    "UserIDs": []
                },
                "AllowRepeatedFollow": false,
                "Trigger_GiftSubTrigger": {
                    "Min": 1.0,
                    "Max": 100.0
                },
                "Trigger_BitTrigger": {
                    "Min": 100.0,
                    "Max": 3000.0
                }
            },
            "Triggers": {
                "Trigger1": "Alt",
                "Trigger2": "R",
                "Trigger3": "",
                "ScreenButton": -1
            },
            "IsGlobal": true,
            "IsActive": true,
            "Minimized": false,
            "StopsOnLastFrame": false,
            "DeactivateAfterKeyUp": false,
            "OnlyLoadOneRandomItem": false,
            "DeactivateAfterSeconds": false,
            "DeactivateAfterSecondsAmount": 10.0,
            "FadeSecondsAmount": 0.5,
            "OnScreenHotkeyColor": {
                "r": 1.0,
                "g": 1.0,
                "b": 1.0,
                "a": 1.0
            }
        },
        {
            "HotkeyID": "0ac0182ec23740bc9227f7eba8ceb299",
            "Name": "温柔的笑",
            "Action": "ToggleExpression",
            "File": "温柔的笑.exp3.json",
            "Folder": "",
            "AutoCreated": false,
            "Position": {
                "X": 0.0,
                "Y": 0.0,
                "Z": 0.0,
                "Rotation": 0.0
            },
            "ColorOverlay": {
                "On": false,
                "IsStaticColor": false,
                "Display": -1,
                "WindowName": "",
                "IncludeLeft": false,
                "IncludeMid": false,
                "IncludeRight": false,
                "BaseValue": 0,
                "OverlayValue": 0,
                "Smoothing": 0,
                "IncludeItems": false,
                "StaticColor": {
                    "r": 0.0,
                    "g": 0.0,
                    "b": 0.0,
                    "a": 1.0
                }
            },
            "ColorScreenMultiplyPreset": {
                "ArtMeshMultiplyAndScreenColors": []
            },
            "HandGestureSettings": {
                "GestureLeft": "",
                "GestureRight": "",
                "GestureCombinator": "AND",
                "AllowMirroredGesture": false,
                "DeactivateExpWhenGestureNotDetected": false,
                "SecondsUntilDetection": 0.5,
                "SecondsDetected": 0.0,
                "PercentDetected": 0.0
            },
            "LoadModelSettings": {
                "LoadAtCurrentPosition": true
            },
            "TwitchTriggers": {
                "Active": false,
                "CooldownActive": false,
                "CooldownSeconds": 30.0,
                "ResetActive": false,
                "HideModelResetDialog": false,
                "Active_GiftSubTrigger": false,
                "Active_BitTrigger": false,
                "Active_RedeemTrigger": false,
                "Active_TextCommandTrigger": false,
                "Active_SubTrigger": false,
                "Active_FollowTrigger": false,
                "Active_RaidTrigger": false,
                "Active_ShoutoutTrigger": false,
                "Active_AdbreakTrigger": false,
                "Trigger_TextCommandTrigger": "",
                "Trigger_Redeem_Name": "",
                "Trigger_Redeem_ID": "",
                "UseTextTriggerUserTypeRestriction": false,
                "RestrictTextTriggerTo": {
                    "Allowed_You": true,
                    "Allowed_Subs": false,
                    "Allowed_Mods": false,
                    "Allowed_VIPs": false,
                    "Allowed_Artists": false,
                    "Allowed_UserNames": false,
                    "UserNames": [],
                    "Allowed_UserIDs": false,
                    "UserIDs": []
                },
                "AllowRepeatedFollow": false,
                "Trigger_GiftSubTrigger": {
                    "Min": 1.0,
                    "Max": 100.0
                },
                "Trigger_BitTrigger": {
                    "Min": 100.0,
                    "Max": 3000.0
                }
            },
            "Triggers": {
                "Trigger1": "N7",
                "Trigger2": "",
                "Trigger3": "",
                "ScreenButton": -1
            },
            "IsGlobal": true,
            "IsActive": true,
            "Minimized": true,
            "StopsOnLastFrame": false,
            "DeactivateAfterKeyUp": false,
            "OnlyLoadOneRandomItem": false,
            "DeactivateAfterSeconds": false,
            "DeactivateAfterSecondsAmount": 10.0,
            "FadeSecondsAmount": 0.5,
            "OnScreenHotkeyColor": {
                "r": 1.0,
                "g": 1.0,
                "b": 1.0,
                "a": 1.0
            }
        },
        {
            "HotkeyID": "34250c35f737437888ba0e5ef90a949d",
            "Name": "生气",
            "Action": "ToggleExpression",
            "File": "生气.exp3.json",
            "Folder": "",
            "AutoCreated": false,
            "Position": {
                "X": 0.0,
                "Y": 0.0,
                "Z": 0.0,
                "Rotation": 0.0
            },
            "ColorOverlay": {
                "On": false,
                "IsStaticColor": false,
                "Display": -1,
                "WindowName": "",
                "IncludeLeft": false,
                "IncludeMid": false,
                "IncludeRight": false,
                "BaseValue": 0,
                "OverlayValue": 0,
                "Smoothing": 0,
                "IncludeItems": false,
                "StaticColor": {
                    "r": 0.0,
                    "g": 0.0,
                    "b": 0.0,
                    "a": 1.0
                }
            },
            "ColorScreenMultiplyPreset": {
                "ArtMeshMultiplyAndScreenColors": []
            },
            "HandGestureSettings": {
                "GestureLeft": "",
                "GestureRight": "",
                "GestureCombinator": "AND",
                "AllowMirroredGesture": false,
                "DeactivateExpWhenGestureNotDetected": false,
                "SecondsUntilDetection": 0.5,
                "SecondsDetected": 0.0,
                "PercentDetected": 0.0
            },
            "LoadModelSettings": {
                "LoadAtCurrentPosition": true
            },
            "TwitchTriggers": {
                "Active": false,
                "CooldownActive": false,
                "CooldownSeconds": 30.0,
                "ResetActive": false,
                "HideModelResetDialog": false,
                "Active_GiftSubTrigger": false,
                "Active_BitTrigger": false,
                "Active_RedeemTrigger": false,
                "Active_TextCommandTrigger": false,
                "Active_SubTrigger": false,
                "Active_FollowTrigger": false,
                "Active_RaidTrigger": false,
                "Active_ShoutoutTrigger": false,
                "Active_AdbreakTrigger": false,
                "Trigger_TextCommandTrigger": "",
                "Trigger_Redeem_Name": "",
                "Trigger_Redeem_ID": "",
                "UseTextTriggerUserTypeRestriction": false,
                "RestrictTextTriggerTo": {
                    "Allowed_You": true,
                    "Allowed_Subs": false,
                    "Allowed_Mods": false,
                    "Allowed_VIPs": false,
                    "Allowed_Artists": false,
                    "Allowed_UserNames": false,
                    "UserNames": [],
                    "Allowed_UserIDs": false,
                    "UserIDs": []
                },
                "AllowRepeatedFollow": false,
                "Trigger_GiftSubTrigger": {
                    "Min": 1.0,
                    "Max": 100.0
                },
                "Trigger_BitTrigger": {
                    "Min": 100.0,
                    "Max": 3000.0
                }
            },
            "Triggers": {
                "Trigger1": "N8",
                "Trigger2": "",
                "Trigger3": "",
                "ScreenButton": -1
            },
            "IsGlobal": true,
            "IsActive": true,
            "Minimized": true,
            "StopsOnLastFrame": false,
            "DeactivateAfterKeyUp": false,
            "OnlyLoadOneRandomItem": false,
            "DeactivateAfterSeconds": false,
            "DeactivateAfterSecondsAmount": 10.0,
            "FadeSecondsAmount": 0.5,
            "OnScreenHotkeyColor": {
                "r": 1.0,
                "g": 1.0,
                "b": 1.0,
                "a": 1.0
            }
        },
        {
            "HotkeyID": "00e5e33d137240ac9922789b39e04eeb",
            "Name": "电脑",
            "Action": "ToggleExpression",
            "File": "电脑.exp3.json",
            "Folder": "",
            "AutoCreated": false,
            "Position": {
                "X": 0.0,
                "Y": 0.0,
                "Z": 0.0,
                "Rotation": 0.0
            },
            "ColorOverlay": {
                "On": false,
                "IsStaticColor": false,
                "Display": -1,
                "WindowName": "",
                "IncludeLeft": false,
                "IncludeMid": false,
                "IncludeRight": false,
                "BaseValue": 0,
                "OverlayValue": 0,
                "Smoothing": 0,
                "IncludeItems": false,
                "StaticColor": {
                    "r": 0.0,
                    "g": 0.0,
                    "b": 0.0,
                    "a": 1.0
                }
            },
            "ColorScreenMultiplyPreset": {
                "ArtMeshMultiplyAndScreenColors": []
            },
            "HandGestureSettings": {
                "GestureLeft": "",
                "GestureRight": "",
                "GestureCombinator": "AND",
                "AllowMirroredGesture": false,
                "DeactivateExpWhenGestureNotDetected": false,
                "SecondsUntilDetection": 0.5,
                "SecondsDetected": 0.0,
                "PercentDetected": 0.0
            },
            "LoadModelSettings": {
                "LoadAtCurrentPosition": true
            },
            "TwitchTriggers": {
                "Active": false,
                "CooldownActive": false,
                "CooldownSeconds": 30.0,
                "ResetActive": false,
                "HideModelResetDialog": false,
                "Active_GiftSubTrigger": false,
                "Active_BitTrigger": false,
                "Active_RedeemTrigger": false,
                "Active_TextCommandTrigger": false,
                "Active_SubTrigger": false,
                "Active_FollowTrigger": false,
                "Active_RaidTrigger": false,
                "Active_ShoutoutTrigger": false,
                "Active_AdbreakTrigger": false,
                "Trigger_TextCommandTrigger": "",
                "Trigger_Redeem_Name": "",
                "Trigger_Redeem_ID": "",
                "UseTextTriggerUserTypeRestriction": false,
                "RestrictTextTriggerTo": {
                    "Allowed_You": true,
                    "Allowed_Subs": false,
                    "Allowed_Mods": false,
                    "Allowed_VIPs": false,
                    "Allowed_Artists": false,
                    "Allowed_UserNames": false,
                    "UserNames": [],
                    "Allowed_UserIDs": false,
                    "UserIDs": []
                },
                "AllowRepeatedFollow": false,
                "Trigger_GiftSubTrigger": {
                    "Min": 1.0,
                    "Max": 100.0
                },
                "Trigger_BitTrigger": {
                    "Min": 100.0,
                    "Max": 3000.0
                }
            },
            "Triggers": {
                "Trigger1": "Alt",
                "Trigger2": "F",
                "Trigger3": "",
                "ScreenButton": -1
            },
            "IsGlobal": true,
            "IsActive": true,
            "Minimized": false,
            "StopsOnLastFrame": false,
            "DeactivateAfterKeyUp": false,
            "OnlyLoadOneRandomItem": false,
            "DeactivateAfterSeconds": false,
            "DeactivateAfterSecondsAmount": 10.0,
            "FadeSecondsAmount": 0.5,
            "OnScreenHotkeyColor": {
                "r": 1.0,
                "g": 1.0,
                "b": 1.0,
                "a": 1.0
            }
        },
        {
            "HotkeyID": "b7430c42b35c443eb4642ad3d5135287",
            "Name": "电脑发光",
            "Action": "ToggleExpression",
            "File": "电脑发光.exp3.json",
            "Folder": "",
            "AutoCreated": false,
            "Position": {
                "X": 0.0,
                "Y": 0.0,
                "Z": 0.0,
                "Rotation": 0.0
            },
            "ColorOverlay": {
                "On": false,
                "IsStaticColor": false,
                "Display": -1,
                "WindowName": "",
                "IncludeLeft": false,
                "IncludeMid": false,
                "IncludeRight": false,
                "BaseValue": 0,
                "OverlayValue": 0,
                "Smoothing": 0,
                "IncludeItems": false,
                "StaticColor": {
                    "r": 0.0,
                    "g": 0.0,
                    "b": 0.0,
                    "a": 1.0
                }
            },
            "ColorScreenMultiplyPreset": {
                "ArtMeshMultiplyAndScreenColors": []
            },
            "HandGestureSettings": {
                "GestureLeft": "",
                "GestureRight": "",
                "GestureCombinator": "AND",
                "AllowMirroredGesture": false,
                "DeactivateExpWhenGestureNotDetected": false,
                "SecondsUntilDetection": 0.5,
                "SecondsDetected": 0.0,
                "PercentDetected": 0.0
            },
            "LoadModelSettings": {
                "LoadAtCurrentPosition": true
            },
            "TwitchTriggers": {
                "Active": false,
                "CooldownActive": false,
                "CooldownSeconds": 30.0,
                "ResetActive": false,
                "HideModelResetDialog": false,
                "Active_GiftSubTrigger": false,
                "Active_BitTrigger": false,
                "Active_RedeemTrigger": false,
                "Active_TextCommandTrigger": false,
                "Active_SubTrigger": false,
                "Active_FollowTrigger": false,
                "Active_RaidTrigger": false,
                "Active_ShoutoutTrigger": false,
                "Active_AdbreakTrigger": false,
                "Trigger_TextCommandTrigger": "",
                "Trigger_Redeem_Name": "",
                "Trigger_Redeem_ID": "",
                "UseTextTriggerUserTypeRestriction": false,
                "RestrictTextTriggerTo": {
                    "Allowed_You": true,
                    "Allowed_Subs": false,
                    "Allowed_Mods": false,
                    "Allowed_VIPs": false,
                    "Allowed_Artists": false,
                    "Allowed_UserNames": false,
                    "UserNames": [],
                    "Allowed_UserIDs": false,
                    "UserIDs": []
                },
                "AllowRepeatedFollow": false,
                "Trigger_GiftSubTrigger": {
                    "Min": 1.0,
                    "Max": 100.0
                },
                "Trigger_BitTrigger": {
                    "Min": 100.0,
                    "Max": 3000.0
                }
            },
            "Triggers": {
                "Trigger1": "Numpad1",
                "Trigger2": "",
                "Trigger3": "",
                "ScreenButton": -1
            },
            "IsGlobal": true,
            "IsActive": true,
            "Minimized": false,
            "StopsOnLastFrame": false,
            "DeactivateAfterKeyUp": false,
            "OnlyLoadOneRandomItem": false,
            "DeactivateAfterSeconds": false,
            "DeactivateAfterSecondsAmount": 10.0,
            "FadeSecondsAmount": 0.5,
            "OnScreenHotkeyColor": {
                "r": 1.0,
                "g": 1.0,
                "b": 1.0,
                "a": 1.0
            }
        },
        {
            "HotkeyID": "cd3573836cc94e51b70dbd5bf4031ba9",
            "Name": "眯眯眼",
            "Action": "ToggleExpression",
            "File": "眯眯眼.exp3.json",
            "Folder": "",
            "AutoCreated": false,
            "Position": {
                "X": 0.0,
                "Y": 0.0,
                "Z": 0.0,
                "Rotation": 0.0
            },
            "ColorOverlay": {
                "On": false,
                "IsStaticColor": false,
                "Display": -1,
                "WindowName": "",
                "IncludeLeft": false,
                "IncludeMid": false,
                "IncludeRight": false,
                "BaseValue": 0,
                "OverlayValue": 0,
                "Smoothing": 0,
                "IncludeItems": false,
                "StaticColor": {
                    "r": 0.0,
                    "g": 0.0,
                    "b": 0.0,
                    "a": 1.0
                }
            },
            "ColorScreenMultiplyPreset": {
                "ArtMeshMultiplyAndScreenColors": []
            },
            "HandGestureSettings": {
                "GestureLeft": "",
                "GestureRight": "",
                "GestureCombinator": "AND",
                "AllowMirroredGesture": false,
                "DeactivateExpWhenGestureNotDetected": false,
                "SecondsUntilDetection": 0.5,
                "SecondsDetected": 0.0,
                "PercentDetected": 0.0
            },
            "LoadModelSettings": {
                "LoadAtCurrentPosition": true
            },
            "TwitchTriggers": {
                "Active": false,
                "CooldownActive": false,
                "CooldownSeconds": 30.0,
                "ResetActive": false,
                "HideModelResetDialog": false,
                "Active_GiftSubTrigger": false,
                "Active_BitTrigger": false,
                "Active_RedeemTrigger": false,
                "Active_TextCommandTrigger": false,
                "Active_SubTrigger": false,
                "Active_FollowTrigger": false,
                "Active_RaidTrigger": false,
                "Active_ShoutoutTrigger": false,
                "Active_AdbreakTrigger": false,
                "Trigger_TextCommandTrigger": "",
                "Trigger_Redeem_Name": "",
                "Trigger_Redeem_ID": "",
                "UseTextTriggerUserTypeRestriction": false,
                "RestrictTextTriggerTo": {
                    "Allowed_You": true,
                    "Allowed_Subs": false,
                    "Allowed_Mods": false,
                    "Allowed_VIPs": false,
                    "Allowed_Artists": false,
                    "Allowed_UserNames": false,
                    "UserNames": [],
                    "Allowed_UserIDs": false,
                    "UserIDs": []
                },
                "AllowRepeatedFollow": false,
                "Trigger_GiftSubTrigger": {
                    "Min": 1.0,
                    "Max": 100.0
                },
                "Trigger_BitTrigger": {
                    "Min": 100.0,
                    "Max": 3000.0
                }
            },
            "Triggers": {
                "Trigger1": "N9",
                "Trigger2": "",
                "Trigger3": "",
                "ScreenButton": -1
            },
            "IsGlobal": true,
            "IsActive": true,
            "Minimized": false,
            "StopsOnLastFrame": false,
            "DeactivateAfterKeyUp": false,
            "OnlyLoadOneRandomItem": false,
            "DeactivateAfterSeconds": false,
            "DeactivateAfterSecondsAmount": 10.0,
            "FadeSecondsAmount": 0.5,
            "OnScreenHotkeyColor": {
                "r": 1.0,
                "g": 1.0,
                "b": 1.0,
                "a": 1.0
            }
        },
        {
            "HotkeyID": "395dc48f714349749f5887d2447be641",
            "Name": "眼泪",
            "Action": "ToggleExpression",
            "File": "眼泪.exp3.json",
            "Folder": "",
            "AutoCreated": false,
            "Position": {
                "X": 0.0,
                "Y": 0.0,
                "Z": 0.0,
                "Rotation": 0.0
            },
            "ColorOverlay": {
                "On": false,
                "IsStaticColor": false,
                "Display": -1,
                "WindowName": "",
                "IncludeLeft": false,
                "IncludeMid": false,
                "IncludeRight": false,
                "BaseValue": 0,
                "OverlayValue": 0,
                "Smoothing": 0,
                "IncludeItems": false,
                "StaticColor": {
                    "r": 0.0,
                    "g": 0.0,
                    "b": 0.0,
                    "a": 1.0
                }
            },
            "ColorScreenMultiplyPreset": {
                "ArtMeshMultiplyAndScreenColors": []
            },
            "HandGestureSettings": {
                "GestureLeft": "",
                "GestureRight": "",
                "GestureCombinator": "AND",
                "AllowMirroredGesture": false,
                "DeactivateExpWhenGestureNotDetected": false,
                "SecondsUntilDetection": 0.5,
                "SecondsDetected": 0.0,
                "PercentDetected": 0.0
            },
            "LoadModelSettings": {
                "LoadAtCurrentPosition": true
            },
            "TwitchTriggers": {
                "Active": false,
                "CooldownActive": false,
                "CooldownSeconds": 30.0,
                "ResetActive": false,
                "HideModelResetDialog": false,
                "Active_GiftSubTrigger": false,
                "Active_BitTrigger": false,
                "Active_RedeemTrigger": false,
                "Active_TextCommandTrigger": false,
                "Active_SubTrigger": false,
                "Active_FollowTrigger": false,
                "Active_RaidTrigger": false,
                "Active_ShoutoutTrigger": false,
                "Active_AdbreakTrigger": false,
                "Trigger_TextCommandTrigger": "",
                "Trigger_Redeem_Name": "",
                "Trigger_Redeem_ID": "",
                "UseTextTriggerUserTypeRestriction": false,
                "RestrictTextTriggerTo": {
                    "Allowed_You": true,
                    "Allowed_Subs": false,
                    "Allowed_Mods": false,
                    "Allowed_VIPs": false,
                    "Allowed_Artists": false,
                    "Allowed_UserNames": false,
                    "UserNames": [],
                    "Allowed_UserIDs": false,
                    "UserIDs": []
                },
                "AllowRepeatedFollow": false,
                "Trigger_GiftSubTrigger": {
                    "Min": 1.0,
                    "Max": 100.0
                },
                "Trigger_BitTrigger": {
                    "Min": 100.0,
                    "Max": 3000.0
                }
            },
            "Triggers": {
                "Trigger1": "N0",
                "Trigger2": "",
                "Trigger3": "",
                "ScreenButton": -1
            },
            "IsGlobal": true,
            "IsActive": true,
            "Minimized": false,
            "StopsOnLastFrame": false,
            "DeactivateAfterKeyUp": false,
            "OnlyLoadOneRandomItem": false,
            "DeactivateAfterSeconds": false,
            "DeactivateAfterSecondsAmount": 10.0,
            "FadeSecondsAmount": 0.5,
            "OnScreenHotkeyColor": {
                "r": 1.0,
                "g": 1.0,
                "b": 1.0,
                "a": 1.0
            }
        },
        {
            "HotkeyID": "e38b7c539c404a769e23b0843fffd460",
            "Name": "脸红",
            "Action": "ToggleExpression",
            "File": "脸红.exp3.json",
            "Folder": "",
            "AutoCreated": false,
            "Position": {
                "X": 0.0,
                "Y": 0.0,
                "Z": 0.0,
                "Rotation": 0.0
            },
            "ColorOverlay": {
                "On": false,
                "IsStaticColor": false,
                "Display": -1,
                "WindowName": "",
                "IncludeLeft": false,
                "IncludeMid": false,
                "IncludeRight": false,
                "BaseValue": 0,
                "OverlayValue": 0,
                "Smoothing": 0,
                "IncludeItems": false,
                "StaticColor": {
                    "r": 0.0,
                    "g": 0.0,
                    "b": 0.0,
                    "a": 1.0
                }
            },
            "ColorScreenMultiplyPreset": {
                "ArtMeshMultiplyAndScreenColors": []
            },
            "HandGestureSettings": {
                "GestureLeft": "",
                "GestureRight": "",
                "GestureCombinator": "AND",
                "AllowMirroredGesture": false,
                "DeactivateExpWhenGestureNotDetected": false,
                "SecondsUntilDetection": 0.5,
                "SecondsDetected": 0.0,
                "PercentDetected": 0.0
            },
            "LoadModelSettings": {
                "LoadAtCurrentPosition": true
            },
            "TwitchTriggers": {
                "Active": false,
                "CooldownActive": false,
                "CooldownSeconds": 30.0,
                "ResetActive": false,
                "HideModelResetDialog": false,
                "Active_GiftSubTrigger": false,
                "Active_BitTrigger": false,
                "Active_RedeemTrigger": false,
                "Active_TextCommandTrigger": false,
                "Active_SubTrigger": false,
                "Active_FollowTrigger": false,
                "Active_RaidTrigger": false,
                "Active_ShoutoutTrigger": false,
                "Active_AdbreakTrigger": false,
                "Trigger_TextCommandTrigger": "",
                "Trigger_Redeem_Name": "",
                "Trigger_Redeem_ID": "",
                "UseTextTriggerUserTypeRestriction": false,
                "RestrictTextTriggerTo": {
                    "Allowed_You": true,
                    "Allowed_Subs": false,
                    "Allowed_Mods": false,
                    "Allowed_VIPs": false,
                    "Allowed_Artists": false,
                    "Allowed_UserNames": false,
                    "UserNames": [],
                    "Allowed_UserIDs": false,
                    "UserIDs": []
                },
                "AllowRepeatedFollow": false,
                "Trigger_GiftSubTrigger": {
                    "Min": 1.0,
                    "Max": 100.0
                },
                "Trigger_BitTrigger": {
                    "Min": 100.0,
                    "Max": 3000.0
                }
            },
            "Triggers": {
                "Trigger1": "Numpad2",
                "Trigger2": "",
                "Trigger3": "",
                "ScreenButton": -1
            },
            "IsGlobal": true,
            "IsActive": true,
            "Minimized": false,
            "StopsOnLastFrame": false,
            "DeactivateAfterKeyUp": false,
            "OnlyLoadOneRandomItem": false,
            "DeactivateAfterSeconds": false,
            "DeactivateAfterSecondsAmount": 10.0,
            "FadeSecondsAmount": 0.5,
            "OnScreenHotkeyColor": {
                "r": 1.0,
                "g": 1.0,
                "b": 1.0,
                "a": 1.0
            }
        },
        {
            "HotkeyID": "a7d7256c9c084d6aa01b26db002692cd",
            "Name": "落泪",
            "Action": "ToggleExpression",
            "File": "落泪.exp3.json",
            "Folder": "",
            "AutoCreated": false,
            "Position": {
                "X": 0.0,
                "Y": 0.0,
                "Z": 0.0,
                "Rotation": 0.0
            },
            "ColorOverlay": {
                "On": false,
                "IsStaticColor": false,
                "Display": -1,
                "WindowName": "",
                "IncludeLeft": false,
                "IncludeMid": false,
                "IncludeRight": false,
                "BaseValue": 0,
                "OverlayValue": 0,
                "Smoothing": 0,
                "IncludeItems": false,
                "StaticColor": {
                    "r": 0.0,
                    "g": 0.0,
                    "b": 0.0,
                    "a": 1.0
                }
            },
            "ColorScreenMultiplyPreset": {
                "ArtMeshMultiplyAndScreenColors": []
            },
            "HandGestureSettings": {
                "GestureLeft": "",
                "GestureRight": "",
                "GestureCombinator": "AND",
                "AllowMirroredGesture": false,
                "DeactivateExpWhenGestureNotDetected": false,
                "SecondsUntilDetection": 0.5,
                "SecondsDetected": 0.0,
                "PercentDetected": 0.0
            },
            "LoadModelSettings": {
                "LoadAtCurrentPosition": true
            },
            "TwitchTriggers": {
                "Active": false,
                "CooldownActive": false,
                "CooldownSeconds": 30.0,
                "ResetActive": false,
                "HideModelResetDialog": false,
                "Active_GiftSubTrigger": false,
                "Active_BitTrigger": false,
                "Active_RedeemTrigger": false,
                "Active_TextCommandTrigger": false,
                "Active_SubTrigger": false,
                "Active_FollowTrigger": false,
                "Active_RaidTrigger": false,
                "Active_ShoutoutTrigger": false,
                "Active_AdbreakTrigger": false,
                "Trigger_TextCommandTrigger": "",
                "Trigger_Redeem_Name": "",
                "Trigger_Redeem_ID": "",
                "UseTextTriggerUserTypeRestriction": false,
                "RestrictTextTriggerTo": {
                    "Allowed_You": true,
                    "Allowed_Subs": false,
                    "Allowed_Mods": false,
                    "Allowed_VIPs": false,
                    "Allowed_Artists": false,
                    "Allowed_UserNames": false,
                    "UserNames": [],
                    "Allowed_UserIDs": false,
                    "UserIDs": []
                },
                "AllowRepeatedFollow": false,
                "Trigger_GiftSubTrigger": {
                    "Min": 1.0,
                    "Max": 100.0
                },
                "Trigger_BitTrigger": {
                    "Min": 100.0,
                    "Max": 3000.0
                }
            },
            "Triggers": {
                "Trigger1": "Numpad3",
                "Trigger2": "",
                "Trigger3": "",
                "ScreenButton": -1
            },
            "IsGlobal": true,
            "IsActive": true,
            "Minimized": true,
            "StopsOnLastFrame": false,
            "DeactivateAfterKeyUp": false,
            "OnlyLoadOneRandomItem": false,
            "DeactivateAfterSeconds": false,
            "DeactivateAfterSecondsAmount": 10.0,
            "FadeSecondsAmount": 0.5,
            "OnScreenHotkeyColor": {
                "r": 1.0,
                "g": 1.0,
                "b": 1.0,
                "a": 1.0
            }
        },
        {
            "HotkeyID": "b2072e295d5d441eb64426e499d69579",
            "Name": "键盘抬起",
            "Action": "ToggleExpression",
            "File": "键盘抬起.exp3.json",
            "Folder": "",
            "AutoCreated": false,
            "Position": {
                "X": 0.0,
                "Y": 0.0,
                "Z": 0.0,
                "Rotation": 0.0
            },
            "ColorOverlay": {
                "On": false,
                "IsStaticColor": false,
                "Display": -1,
                "WindowName": "",
                "IncludeLeft": false,
                "IncludeMid": false,
                "IncludeRight": false,
                "BaseValue": 0,
                "OverlayValue": 0,
                "Smoothing": 0,
                "IncludeItems": false,
                "StaticColor": {
                    "r": 0.0,
                    "g": 0.0,
                    "b": 0.0,
                    "a": 1.0
                }
            },
            "ColorScreenMultiplyPreset": {
                "ArtMeshMultiplyAndScreenColors": []
            },
            "HandGestureSettings": {
                "GestureLeft": "",
                "GestureRight": "",
                "GestureCombinator": "AND",
                "AllowMirroredGesture": false,
                "DeactivateExpWhenGestureNotDetected": false,
                "SecondsUntilDetection": 0.5,
                "SecondsDetected": 0.0,
                "PercentDetected": 0.0
            },
            "LoadModelSettings": {
                "LoadAtCurrentPosition": true
            },
            "TwitchTriggers": {
                "Active": false,
                "CooldownActive": false,
                "CooldownSeconds": 30.0,
                "ResetActive": false,
                "HideModelResetDialog": false,
                "Active_GiftSubTrigger": false,
                "Active_BitTrigger": false,
                "Active_RedeemTrigger": false,
                "Active_TextCommandTrigger": false,
                "Active_SubTrigger": false,
                "Active_FollowTrigger": false,
                "Active_RaidTrigger": false,
                "Active_ShoutoutTrigger": false,
                "Active_AdbreakTrigger": false,
                "Trigger_TextCommandTrigger": "",
                "Trigger_Redeem_Name": "",
                "Trigger_Redeem_ID": "",
                "UseTextTriggerUserTypeRestriction": false,
                "RestrictTextTriggerTo": {
                    "Allowed_You": true,
                    "Allowed_Subs": false,
                    "Allowed_Mods": false,
                    "Allowed_VIPs": false,
                    "Allowed_Artists": false,
                    "Allowed_UserNames": false,
                    "UserNames": [],
                    "Allowed_UserIDs": false,
                    "UserIDs": []
                },
                "AllowRepeatedFollow": false,
                "Trigger_GiftSubTrigger": {
                    "Min": 1.0,
                    "Max": 100.0
                },
                "Trigger_BitTrigger": {
                    "Min": 100.0,
                    "Max": 3000.0
                }
            },
            "Triggers": {
                "Trigger1": "LeftMouseButton",
                "Trigger2": "",
                "Trigger3": "",
                "ScreenButton": -1
            },
            "IsGlobal": true,
            "IsActive": true,
            "Minimized": false,
            "StopsOnLastFrame": false,
            "DeactivateAfterKeyUp": true,
            "OnlyLoadOneRandomItem": false,
            "DeactivateAfterSeconds": false,
            "DeactivateAfterSecondsAmount": 10.0,
            "FadeSecondsAmount": 0.5,
            "OnScreenHotkeyColor": {
                "r": 1.0,
                "g": 1.0,
                "b": 1.0,
                "a": 1.0
            }
        },
        {
            "HotkeyID": "a86d921f21d54adba7063c335d35dd49",
            "Name": "鬼脸",
            "Action": "ToggleExpression",
            "File": "鬼脸.exp3.json",
            "Folder": "",
            "AutoCreated": false,
            "Position": {
                "X": 0.0,
                "Y": 0.0,
                "Z": 0.0,
                "Rotation": 0.0
            },
            "ColorOverlay": {
                "On": false,
                "IsStaticColor": false,
                "Display": -1,
                "WindowName": "",
                "IncludeLeft": false,
                "IncludeMid": false,
                "IncludeRight": false,
                "BaseValue": 0,
                "OverlayValue": 0,
                "Smoothing": 0,
                "IncludeItems": false,
                "StaticColor": {
                    "r": 0.0,
                    "g": 0.0,
                    "b": 0.0,
                    "a": 1.0
                }
            },
            "ColorScreenMultiplyPreset": {
                "ArtMeshMultiplyAndScreenColors": []
            },
            "HandGestureSettings": {
                "GestureLeft": "",
                "GestureRight": "",
                "GestureCombinator": "AND",
                "AllowMirroredGesture": false,
                "DeactivateExpWhenGestureNotDetected": false,
                "SecondsUntilDetection": 0.5,
                "SecondsDetected": 0.0,
                "PercentDetected": 0.0
            },
            "LoadModelSettings": {
                "LoadAtCurrentPosition": true
            },
            "TwitchTriggers": {
                "Active": false,
                "CooldownActive": false,
                "CooldownSeconds": 30.0,
                "ResetActive": false,
                "HideModelResetDialog": false,
                "Active_GiftSubTrigger": false,
                "Active_BitTrigger": false,
                "Active_RedeemTrigger": false,
                "Active_TextCommandTrigger": false,
                "Active_SubTrigger": false,
                "Active_FollowTrigger": false,
                "Active_RaidTrigger": false,
                "Active_ShoutoutTrigger": false,
                "Active_AdbreakTrigger": false,
                "Trigger_TextCommandTrigger": "",
                "Trigger_Redeem_Name": "",
                "Trigger_Redeem_ID": "",
                "UseTextTriggerUserTypeRestriction": false,
                "RestrictTextTriggerTo": {
                    "Allowed_You": true,
                    "Allowed_Subs": false,
                    "Allowed_Mods": false,
                    "Allowed_VIPs": false,
                    "Allowed_Artists": false,
                    "Allowed_UserNames": false,
                    "UserNames": [],
                    "Allowed_UserIDs": false,
                    "UserIDs": []
                },
                "AllowRepeatedFollow": false,
                "Trigger_GiftSubTrigger": {
                    "Min": 1.0,
                    "Max": 100.0
                },
                "Trigger_BitTrigger": {
                    "Min": 100.0,
                    "Max": 3000.0
                }
            },
            "Triggers": {
                "Trigger1": "Numpad4",
                "Trigger2": "",
                "Trigger3": "",
                "ScreenButton": -1
            },
            "IsGlobal": true,
            "IsActive": true,
            "Minimized": false,
            "StopsOnLastFrame": false,
            "DeactivateAfterKeyUp": false,
            "OnlyLoadOneRandomItem": false,
            "DeactivateAfterSeconds": false,
            "DeactivateAfterSecondsAmount": 10.0,
            "FadeSecondsAmount": 0.5,
            "OnScreenHotkeyColor": {
                "r": 1.0,
                "g": 1.0,
                "b": 1.0,
                "a": 1.0
            }
        },
        {
            "HotkeyID": "ab2b5e162cf94b41a76160ccec68a238",
            "Name": "摇头",
            "Action": "TriggerAnimation",
            "File": "摇头.motion3.json",
            "Folder": "",
            "AutoCreated": false,
            "Position": {
                "X": 0.0,
                "Y": 0.0,
                "Z": 0.0,
                "Rotation": 0.0
            },
            "ColorOverlay": {
                "On": false,
                "IsStaticColor": false,
                "Display": -1,
                "WindowName": "",
                "IncludeLeft": false,
                "IncludeMid": false,
                "IncludeRight": false,
                "BaseValue": 0,
                "OverlayValue": 0,
                "Smoothing": 0,
                "IncludeItems": false,
                "StaticColor": {
                    "r": 0.0,
                    "g": 0.0,
                    "b": 0.0,
                    "a": 1.0
                }
            },
            "ColorScreenMultiplyPreset": {
                "ArtMeshMultiplyAndScreenColors": []
            },
            "HandGestureSettings": {
                "GestureLeft": "",
                "GestureRight": "",
                "GestureCombinator": "AND",
                "AllowMirroredGesture": false,
                "DeactivateExpWhenGestureNotDetected": false,
                "SecondsUntilDetection": 0.5,
                "SecondsDetected": 0.0,
                "PercentDetected": 0.0
            },
            "LoadModelSettings": {
                "LoadAtCurrentPosition": true
            },
            "TwitchTriggers": {
                "Active": false,
                "CooldownActive": false,
                "CooldownSeconds": 30.0,
                "ResetActive": false,
                "HideModelResetDialog": false,
                "Active_GiftSubTrigger": false,
                "Active_BitTrigger": false,
                "Active_RedeemTrigger": false,
                "Active_TextCommandTrigger": false,
                "Active_SubTrigger": false,
                "Active_FollowTrigger": false,
                "Active_RaidTrigger": false,
                "Active_ShoutoutTrigger": false,
                "Active_AdbreakTrigger": false,
                "Trigger_TextCommandTrigger": "",
                "Trigger_Redeem_Name": "",
                "Trigger_Redeem_ID": "",
                "UseTextTriggerUserTypeRestriction": false,
                "RestrictTextTriggerTo": {
                    "Allowed_You": true,
                    "Allowed_Subs": false,
                    "Allowed_Mods": false,
                    "Allowed_VIPs": false,
                    "Allowed_Artists": false,
                    "Allowed_UserNames": false,
                    "UserNames": [],
                    "Allowed_UserIDs": false,
                    "UserIDs": []
                },
                "AllowRepeatedFollow": false,
                "Trigger_GiftSubTrigger": {
                    "Min": 1.0,
                    "Max": 100.0
                },
                "Trigger_BitTrigger": {
                    "Min": 100.0,
                    "Max": 3000.0
                }
            },
            "Triggers": {
                "Trigger1": "LeftControl",
                "Trigger2": "Q",
                "Trigger3": "",
                "ScreenButton": -1
            },
            "IsGlobal": true,
            "IsActive": true,
            "Minimized": false,
            "StopsOnLastFrame": false,
            "DeactivateAfterKeyUp": false,
            "OnlyLoadOneRandomItem": false,
            "DeactivateAfterSeconds": false,
            "DeactivateAfterSecondsAmount": 10.0,
            "FadeSecondsAmount": 0.5,
            "OnScreenHotkeyColor": {
                "r": 1.0,
                "g": 1.0,
                "b": 1.0,
                "a": 1.0
            }
        },
        {
            "HotkeyID": "1fc67714abc6469d9871fd6ba6ddda32",
            "Name": "点头",
            "Action": "TriggerAnimation",
            "File": "点头.motion3.json",
            "Folder": "",
            "AutoCreated": false,
            "Position": {
                "X": 0.0,
                "Y": 0.0,
                "Z": 0.0,
                "Rotation": 0.0
            },
            "ColorOverlay": {
                "On": false,
                "IsStaticColor": false,
                "Display": -1,
                "WindowName": "",
                "IncludeLeft": false,
                "IncludeMid": false,
                "IncludeRight": false,
                "BaseValue": 0,
                "OverlayValue": 0,
                "Smoothing": 0,
                "IncludeItems": false,
                "StaticColor": {
                    "r": 0.0,
                    "g": 0.0,
                    "b": 0.0,
                    "a": 1.0
                }
            },
            "ColorScreenMultiplyPreset": {
                "ArtMeshMultiplyAndScreenColors": []
            },
            "HandGestureSettings": {
                "GestureLeft": "",
                "GestureRight": "",
                "GestureCombinator": "AND",
                "AllowMirroredGesture": false,
                "DeactivateExpWhenGestureNotDetected": false,
                "SecondsUntilDetection": 0.5,
                "SecondsDetected": 0.0,
                "PercentDetected": 0.0
            },
            "LoadModelSettings": {
                "LoadAtCurrentPosition": true
            },
            "TwitchTriggers": {
                "Active": false,
                "CooldownActive": false,
                "CooldownSeconds": 30.0,
                "ResetActive": false,
                "HideModelResetDialog": false,
                "Active_GiftSubTrigger": false,
                "Active_BitTrigger": false,
                "Active_RedeemTrigger": false,
                "Active_TextCommandTrigger": false,
                "Active_SubTrigger": false,
                "Active_FollowTrigger": false,
                "Active_RaidTrigger": false,
                "Active_ShoutoutTrigger": false,
                "Active_AdbreakTrigger": false,
                "Trigger_TextCommandTrigger": "",
                "Trigger_Redeem_Name": "",
                "Trigger_Redeem_ID": "",
                "UseTextTriggerUserTypeRestriction": false,
                "RestrictTextTriggerTo": {
                    "Allowed_You": true,
                    "Allowed_Subs": false,
                    "Allowed_Mods": false,
                    "Allowed_VIPs": false,
                    "Allowed_Artists": false,
                    "Allowed_UserNames": false,
                    "UserNames": [],
                    "Allowed_UserIDs": false,
                    "UserIDs": []
                },
                "AllowRepeatedFollow": false,
                "Trigger_GiftSubTrigger": {
                    "Min": 1.0,
                    "Max": 100.0
                },
                "Trigger_BitTrigger": {
                    "Min": 100.0,
                    "Max": 3000.0
                }
            },
            "Triggers": {
                "Trigger1": "LeftControl",
                "Trigger2": "W",
                "Trigger3": "",
                "ScreenButton": -1
            },
            "IsGlobal": true,
            "IsActive": true,
            "Minimized": false,
            "StopsOnLastFrame": false,
            "DeactivateAfterKeyUp": false,
            "OnlyLoadOneRandomItem": false,
            "DeactivateAfterSeconds": false,
            "DeactivateAfterSecondsAmount": 10.0,
            "FadeSecondsAmount": 0.5,
            "OnScreenHotkeyColor": {
                "r": 1.0,
                "g": 1.0,
                "b": 1.0,
                "a": 1.0
            }
        }
    ],
    "HotkeySettings": {
        "UseOnScreenHotkeys": false,
        "UseKeyboardHotkeys": true,
        "SendOnScreenHotkeysToPC": true,
        "OnScreenHotkeyAlpha": 75
    },
    "ArtMeshDetails": {
        "ArtMeshesExcludedFromPinning": [],
        "ArtMeshesThatDeleteItemsOnDrop": [],
        "ArtMeshSceneLightingMultipliers": [],
        "ArtMeshMultiplyAndScreenColors": []
    },
    "ParameterCustomization": {
        "ParametersExcludedFromVNetSmoothing": []
    },
    "PhysicsCustomizationSettings": {
        "PhysicsMultipliersPerPhysicsGroup": [],
        "WindMultipliersPerPhysicsGroup": [],
        "DraggingPhysicsMultipliersPerPhysicsGroup": []
    },
    "FolderInfo": {
        "HotkeyFolders": [],
        "ConfigItemFolders": []
    },
    "SavedActiveExpressions": []
}