{
	"Version": 3,
	"Meta": {
		"Duration": 4,
		"Fps": 60.0,
		"Loop": true,
		"AreBeziersRestricted": true,
		"CurveCount": 9,
		"TotalSegmentCount": 25,
		"TotalPointCount": 84,
		"UserDataCount": 0,
		"TotalUserDataSize": 0
	},
	"Curves": [
		{
			"Target": "Parameter",
			"Id": "ParamAngleX",
			"Segments": [
				0,
				6.391,
				1,
				0.911,
				6.391,
				1.822,
				5.947,
				2.733,
				4.751,
				1,
				2.894,
				4.54,
				3.056,
				4.076,
				3.217,
				4.076,
				1,
				3.478,
				4.076,
				3.739,
				6.391,
				4,
				6.391
			]
		},
		{
			"Target": "Parameter",
			"Id": "ParamAngleY",
			"Segments": [
				0,
				-15.064,
				1,
				0.244,
				-15.064,
				0.489,
				-18.601,
				0.733,
				-18.601,
				1,
				1.233,
				-18.601,
				1.733,
				-9.23,
				2.233,
				-9.23,
				1,
				2.383,
				-9.23,
				2.533,
				-9.081,
				2.683,
				-12.728,
				1,
				2.811,
				-15.834,
				2.939,
				-30,
				3.067,
				-30,
				1,
				3.2,
				-30,
				3.333,
				-26.953,
				3.467,
				-22.744,
				1,
				3.644,
				-17.133,
				3.822,
				-15.064,
				4,
				-15.064
			]
		},
		{
			"Target": "Parameter",
			"Id": "ParamAngleZ",
			"Segments": [
				0,
				30,
				1,
				0.439,
				30,
				0.878,
				25.472,
				1.317,
				25.472,
				1,
				1.694,
				25.472,
				2.072,
				30,
				2.45,
				30,
				1,
				2.572,
				30,
				2.694,
				30,
				2.817,
				30,
				1,
				3,
				30,
				3.183,
				24.375,
				3.367,
				24.375,
				1,
				3.578,
				24.375,
				3.789,
				30,
				4,
				30
			]
		},
		{
			"Target": "Parameter",
			"Id": "ParamEyeLOpen",
			"Segments": [
				0,
				0,
				1,
				1.333,
				0,
				2.667,
				0,
				4,
				0
			]
		},
		{
			"Target": "Parameter",
			"Id": "ParamEyeROpen",
			"Segments": [
				0,
				0,
				1,
				1.333,
				0,
				2.667,
				0,
				4,
				0
			]
		},
		{
			"Target": "Parameter",
			"Id": "ParamMouthOpenY",
			"Segments": [
				0,
				0,
				1,
				0.65,
				0,
				1.3,
				0.275,
				1.95,
				0.275,
				1,
				2.372,
				0.275,
				2.794,
				0,
				3.217,
				0,
				1,
				3.478,
				0,
				3.739,
				0,
				4,
				0
			]
		}
	]
}