{
	"Version": 3,
	"Meta": {
		"Duration": 7,
		"Fps": 60.0,
		"Loop": true,
		"AreBeziersRestricted": true,
		"CurveCount": 40,
		"TotalSegmentCount": 67,
		"TotalPointCount": 165,
		"UserDataCount": 0,
		"TotalUserDataSize": 0
	},
	"Curves": [
		{
			"Target": "Parameter",
			"Id": "Param41",
			"Segments": [
				0,
				0,
				0,
				7,
				240
			]
		},
		{
			"Target": "Parameter",
			"Id": "Param42",
			"Segments": [
				0,
				0,
				1,
				0.167,
				20,
				0.333,
				30,
				0.5,
				30,
				1,
				0.667,
				30,
				0.833,
				20,
				1,
				0,
				1,
				1.167,
				-20,
				1.333,
				-30,
				1.5,
				-30,
				1,
				1.667,
				-30,
				1.833,
				-20,
				2,
				0,
				1,
				2.167,
				20,
				2.333,
				30,
				2.5,
				30,
				1,
				2.667,
				30,
				2.833,
				20,
				3,
				0,
				1,
				3.167,
				-20,
				3.333,
				-30,
				3.5,
				-30,
				1,
				3.667,
				-30,
				3.833,
				0,
				4,
				0,
				1,
				4.167,
				0,
				4.333,
				-30,
				4.5,
				-30,
				1,
				4.667,
				-30,
				4.833,
				-20,
				5,
				0,
				1,
				5.167,
				20,
				5.333,
				30,
				5.5,
				30,
				1,
				5.667,
				30,
				5.833,
				20,
				6,
				0,
				1,
				6.167,
				-20,
				6.333,
				-30,
				6.5,
				-30,
				1,
				6.667,
				-30,
				6.833,
				-20,
				7,
				0
			]
		},
		{
			"Target": "Parameter",
			"Id": "Param43",
			"Segments": [
				0,
				-22.5,
				1,
				0.083,
				-17.5,
				0.167,
				-10,
				0.25,
				0,
				1,
				0.417,
				20,
				0.583,
				30,
				0.75,
				30,
				1,
				0.917,
				30,
				1.083,
				20,
				1.25,
				0,
				1,
				1.417,
				-20,
				1.583,
				-30,
				1.75,
				-30,
				1,
				1.917,
				-30,
				2.083,
				-20,
				2.25,
				0,
				1,
				2.417,
				20,
				2.583,
				30,
				2.75,
				30,
				1,
				2.917,
				30,
				3.083,
				20,
				3.25,
				0,
				1,
				3.417,
				-20,
				3.583,
				-30,
				3.75,
				-30,
				1,
				3.917,
				-30,
				4.083,
				0,
				4.25,
				0,
				1,
				4.417,
				0,
				4.583,
				-30,
				4.75,
				-30,
				1,
				4.917,
				-30,
				5.083,
				-20,
				5.25,
				0,
				1,
				5.417,
				20,
				5.583,
				30,
				5.75,
				30,
				1,
				5.917,
				30,
				6.083,
				20,
				6.25,
				0,
				1,
				6.417,
				-20,
				6.583,
				-30,
				6.75,
				-30,
				1,
				6.833,
				-30,
				6.917,
				-27.5,
				7,
				-22.5
			]
		},
		{
			"Target": "PartOpacity",
			"Id": "Part2",
			"Segments": [
				0,
				1,
				0,
				7,
				1
			]
		},
		{
			"Target": "PartOpacity",
			"Id": "Part42",
			"Segments": [
				0,
				1,
				0,
				7,
				1
			]
		},
		{
			"Target": "PartOpacity",
			"Id": "Part41",
			"Segments": [
				0,
				1,
				0,
				7,
				1
			]
		},
		{
			"Target": "PartOpacity",
			"Id": "Part40",
			"Segments": [
				0,
				1,
				0,
				7,
				1
			]
		},
		{
			"Target": "PartOpacity",
			"Id": "Part39",
			"Segments": [
				0,
				1,
				0,
				7,
				1
			]
		},
		{
			"Target": "PartOpacity",
			"Id": "Part38",
			"Segments": [
				0,
				1,
				0,
				7,
				1
			]
		},
		{
			"Target": "PartOpacity",
			"Id": "Part81",
			"Segments": [
				0,
				1,
				0,
				7,
				1
			]
		},
		{
			"Target": "PartOpacity",
			"Id": "Part3",
			"Segments": [
				0,
				1,
				0,
				7,
				1
			]
		},
		{
			"Target": "PartOpacity",
			"Id": "Part6",
			"Segments": [
				0,
				1,
				0,
				7,
				1
			]
		},
		{
			"Target": "PartOpacity",
			"Id": "Part44",
			"Segments": [
				0,
				1,
				0,
				7,
				1
			]
		},
		{
			"Target": "PartOpacity",
			"Id": "Part45",
			"Segments": [
				0,
				1,
				0,
				7,
				1
			]
		},
		{
			"Target": "PartOpacity",
			"Id": "Part66",
			"Segments": [
				0,
				1,
				0,
				7,
				1
			]
		},
		{
			"Target": "PartOpacity",
			"Id": "Part67",
			"Segments": [
				0,
				1,
				0,
				7,
				1
			]
		},
		{
			"Target": "PartOpacity",
			"Id": "Part69",
			"Segments": [
				0,
				1,
				0,
				7,
				1
			]
		},
		{
			"Target": "PartOpacity",
			"Id": "Part70",
			"Segments": [
				0,
				1,
				0,
				7,
				1
			]
		},
		{
			"Target": "PartOpacity",
			"Id": "Part",
			"Segments": [
				0,
				1,
				0,
				7,
				1
			]
		},
		{
			"Target": "PartOpacity",
			"Id": "Part4",
			"Segments": [
				0,
				1,
				0,
				7,
				1
			]
		},
		{
			"Target": "PartOpacity",
			"Id": "Part5",
			"Segments": [
				0,
				1,
				0,
				7,
				1
			]
		},
		{
			"Target": "PartOpacity",
			"Id": "Part9",
			"Segments": [
				0,
				1,
				0,
				7,
				1
			]
		},
		{
			"Target": "PartOpacity",
			"Id": "Part10",
			"Segments": [
				0,
				1,
				0,
				7,
				1
			]
		},
		{
			"Target": "PartOpacity",
			"Id": "Part12",
			"Segments": [
				0,
				1,
				0,
				7,
				1
			]
		},
		{
			"Target": "PartOpacity",
			"Id": "Part7",
			"Segments": [
				0,
				1,
				0,
				7,
				1
			]
		},
		{
			"Target": "PartOpacity",
			"Id": "Part8",
			"Segments": [
				0,
				1,
				0,
				7,
				1
			]
		},
		{
			"Target": "PartOpacity",
			"Id": "Part11",
			"Segments": [
				0,
				1,
				0,
				7,
				1
			]
		},
		{
			"Target": "PartOpacity",
			"Id": "Part15",
			"Segments": [
				0,
				1,
				0,
				7,
				1
			]
		},
		{
			"Target": "PartOpacity",
			"Id": "Part16",
			"Segments": [
				0,
				1,
				0,
				7,
				1
			]
		},
		{
			"Target": "PartOpacity",
			"Id": "Part20",
			"Segments": [
				0,
				1,
				0,
				7,
				1
			]
		},
		{
			"Target": "PartOpacity",
			"Id": "Part23",
			"Segments": [
				0,
				1,
				0,
				7,
				1
			]
		},
		{
			"Target": "PartOpacity",
			"Id": "Part13",
			"Segments": [
				0,
				1,
				0,
				7,
				1
			]
		},
		{
			"Target": "PartOpacity",
			"Id": "Part25",
			"Segments": [
				0,
				1,
				0,
				7,
				1
			]
		},
		{
			"Target": "PartOpacity",
			"Id": "Part27",
			"Segments": [
				0,
				1,
				0,
				7,
				1
			]
		},
		{
			"Target": "PartOpacity",
			"Id": "Part28",
			"Segments": [
				0,
				1,
				0,
				7,
				1
			]
		},
		{
			"Target": "PartOpacity",
			"Id": "Part29",
			"Segments": [
				0,
				1,
				0,
				7,
				1
			]
		},
		{
			"Target": "PartOpacity",
			"Id": "Part30",
			"Segments": [
				0,
				1,
				0,
				7,
				1
			]
		},
		{
			"Target": "PartOpacity",
			"Id": "Part31",
			"Segments": [
				0,
				1,
				0,
				7,
				1
			]
		},
		{
			"Target": "PartOpacity",
			"Id": "Part36",
			"Segments": [
				0,
				1,
				0,
				7,
				1
			]
		},
		{
			"Target": "PartOpacity",
			"Id": "Part37",
			"Segments": [
				0,
				1,
				0,
				7,
				1
			]
		}
	]
}